Index,Districts,ID,Year,Support,Party,SocClass,Sex,Age,Religion,Ages
1,1,3322,1,7,2,3,1,65,2,65
2,1,3322,2,3,2,3,1,65,2,66
3,1,3322,3,4,2,3,1,65,2,67
4,1,3322,4,7,2,3,1,65,2,68
5,1,3325,1,3,5,3,2,31,2,31
6,1,3325,2,4,1,1,2,31,2,32
7,1,3325,3,6,2,3,2,31,2,33
8,1,3325,4,3,4,1,2,31,2,34
9,2,3372,1,7,5,1,1,33,4,33
10,2,3372,2,7,4,2,1,33,4,34
11,2,3372,3,7,3,3,1,33,4,35
12,2,3372,4,7,3,2,1,33,4,36
13,2,3374,1,7,5,2,2,43,4,43
14,2,3374,2,7,1,2,2,43,4,44
15,2,3374,3,7,3,2,2,43,4,45
16,2,3374,4,7,3,2,2,43,4,46
17,2,3378,1,3,1,1,1,48,2,48
18,2,3378,2,3,1,1,1,48,2,49
19,2,3378,3,3,1,1,1,48,2,50
20,2,3378,4,3,1,1,1,48,2,51
21,2,3386,1,6,2,3,1,55,4,55
22,2,3386,2,5,2,3,1,55,4,56
23,2,3386,3,7,2,3,1,55,4,57
24,2,3386,4,7,2,3,1,55,4,58
25,2,3388,1,7,1,2,1,59,2,59
26,2,3388,2,3,3,2,1,59,2,60
27,2,3388,3,6,3,2,1,59,2,61
28,2,3388,4,6,3,3,1,59,2,62
29,3,2164,1,7,1,3,2,45,2,45
30,3,2164,2,7,4,3,2,45,2,46
31,3,2164,3,7,1,3,2,45,2,47
32,3,2164,4,7,3,3,2,45,2,48
33,3,2173,1,7,2,2,2,63,2,63
34,3,2173,2,7,2,3,2,63,2,64
35,3,2173,3,6,2,1,2,63,2,65
36,3,2173,4,7,2,1,2,63,2,66
37,3,2182,1,4,1,2,2,24,3,24
38,3,2182,2,5,1,2,2,24,3,25
39,3,2182,3,6,1,3,2,24,3,26
40,3,2182,4,7,1,3,2,24,3,27
41,4,39,1,3,3,3,1,49,4,49
42,4,39,2,7,3,3,1,49,4,50
43,4,39,3,3,3,3,1,49,4,51
44,4,39,4,3,3,3,1,49,4,52
45,4,46,1,3,1,2,2,50,3,50
46,4,46,2,3,1,2,2,50,3,51
47,4,46,3,7,1,2,2,50,3,52
48,4,46,4,7,1,2,2,50,3,53
49,4,48,1,6,2,3,2,51,2,51
50,4,48,2,4,2,3,2,51,2,52
51,4,48,3,3,2,3,2,51,2,53
52,4,48,4,4,2,3,2,51,2,54
53,4,55,1,6,1,3,1,21,4,21
54,4,55,2,7,2,3,1,21,4,22
55,4,55,3,6,2,3,1,21,4,23
56,4,55,4,7,2,2,1,21,4,24
57,4,56,1,7,2,3,1,27,1,27
58,4,56,2,5,2,2,1,27,1,28
59,4,56,3,7,2,2,1,27,1,29
60,4,56,4,7,2,2,1,27,1,30
61,4,60,1,4,1,2,2,72,2,72
62,4,60,2,3,1,1,2,72,2,73
63,4,60,3,5,1,1,2,72,2,74
64,4,60,4,5,1,2,2,72,2,75
65,5,100,1,5,2,3,1,66,3,66
66,5,100,2,3,2,3,1,66,3,67
67,5,100,3,3,2,3,1,66,3,68
68,5,100,4,3,2,3,1,66,3,69
69,5,104,1,7,2,3,2,35,2,35
70,5,104,2,7,2,3,2,35,2,36
71,5,104,3,7,2,3,2,35,2,37
72,5,104,4,6,2,3,2,35,2,38
73,5,108,1,1,3,3,2,54,3,54
74,5,108,2,3,3,3,2,54,3,55
75,5,108,3,3,3,3,2,54,3,56
76,5,108,4,3,3,3,2,54,3,57
77,5,116,1,7,2,3,2,34,4,34
78,5,116,2,6,2,3,2,34,4,35
79,5,116,3,7,2,3,2,34,4,36
80,5,116,4,7,2,3,2,34,4,37
81,6,152,1,1,5,2,1,18,1,18
82,6,152,2,3,4,3,1,18,1,19
83,6,152,3,5,4,3,1,18,1,20
84,6,152,4,3,4,3,1,18,1,21
85,6,155,1,4,1,3,1,28,4,28
86,6,155,2,4,1,3,1,28,4,29
87,6,155,3,7,1,3,1,28,4,30
88,6,155,4,5,1,3,1,28,4,31
89,7,211,1,3,2,2,2,51,3,51
90,7,211,2,3,2,2,2,51,3,52
91,7,211,3,3,3,2,2,51,3,53
92,7,211,4,3,3,3,2,51,3,54
93,7,212,1,1,2,3,1,56,3,56
94,7,212,2,3,2,3,1,56,3,57
95,7,212,3,2,4,3,1,56,3,58
96,7,212,4,1,4,2,1,56,3,59
97,7,215,1,7,2,3,1,36,4,36
98,7,215,2,7,2,3,1,36,4,37
99,7,215,3,7,2,3,1,36,4,38
100,7,215,4,7,2,3,1,36,4,39
101,7,216,1,5,2,1,2,27,1,27
102,7,216,2,3,4,2,2,27,1,28
103,7,216,3,7,2,2,2,27,1,29
104,7,216,4,6,2,3,2,27,1,30
105,7,223,1,6,1,2,1,33,3,33
106,7,223,2,3,1,2,1,33,3,34
107,7,223,3,7,1,2,1,33,3,35
108,7,223,4,6,1,2,1,33,3,36
109,7,224,1,7,3,3,2,24,4,24
110,7,224,2,5,2,3,2,24,4,25
111,7,224,3,3,2,3,2,24,4,26
112,7,224,4,6,2,3,2,24,4,27
113,7,238,1,5,2,2,2,65,3,65
114,7,238,2,5,2,3,2,65,3,66
115,7,238,3,4,2,2,2,65,3,67
116,7,238,4,5,3,3,2,65,3,68
117,8,272,1,5,2,3,2,19,4,19
118,8,272,2,3,2,3,2,19,4,20
119,8,272,3,3,2,1,2,19,4,21
120,8,272,4,3,2,3,2,19,4,22
121,8,274,1,6,1,3,1,31,4,31
122,8,274,2,5,1,3,1,31,4,32
123,8,274,3,6,1,3,1,31,4,33
124,8,274,4,6,1,3,1,31,4,34
125,8,278,1,3,2,3,2,65,3,65
126,8,278,2,4,2,3,2,65,3,66
127,8,278,3,3,2,3,2,65,3,67
128,8,278,4,3,2,3,2,65,3,68
129,8,283,1,7,2,1,1,60,4,60
130,8,283,2,6,2,3,1,60,4,61
131,8,283,3,6,2,2,1,60,4,62
132,8,283,4,5,2,3,1,60,4,63
133,8,286,1,6,1,3,2,38,4,38
134,8,286,2,4,1,3,2,38,4,39
135,8,286,3,6,1,3,2,38,4,40
136,8,286,4,3,1,3,2,38,4,41
137,8,288,1,3,2,3,1,48,3,48
138,8,288,2,3,2,3,1,48,3,49
139,8,288,3,3,4,3,1,48,3,50
140,8,288,4,3,2,3,1,48,3,51
141,8,295,1,5,1,2,1,35,3,35
142,8,295,2,5,1,1,1,35,3,36
143,8,295,3,4,1,1,1,35,3,37
144,8,295,4,3,1,2,1,35,3,38
145,8,296,1,0,1,1,1,73,1,73
146,8,296,2,0,1,1,1,73,1,74
147,8,296,3,1,1,2,1,73,1,75
148,8,296,4,0,1,1,1,73,1,76
149,8,298,1,5,2,3,2,55,4,55
150,8,298,2,4,2,3,2,55,4,56
151,8,298,3,6,2,3,2,55,4,57
152,8,298,4,5,2,3,2,55,4,58
153,9,348,1,6,1,3,1,31,3,31
154,9,348,2,4,1,3,1,31,3,32
155,9,348,3,6,1,3,1,31,3,33
156,9,348,4,7,3,3,1,31,3,34
157,9,359,1,4,2,3,2,46,3,46
158,9,359,2,4,2,3,2,46,3,47
159,9,359,3,2,2,3,2,46,3,48
160,9,359,4,2,2,3,2,46,3,49
161,9,360,1,3,2,3,1,54,3,54
162,9,360,2,2,2,1,1,54,3,55
163,9,360,3,5,2,3,1,54,3,56
164,9,360,4,7,2,3,1,54,3,57
165,10,396,1,4,4,3,2,21,4,21
166,10,396,2,3,1,3,2,21,4,22
167,10,396,3,7,2,3,2,21,4,23
168,10,396,4,4,2,3,2,21,4,24
169,10,411,1,5,2,3,2,23,1,23
170,10,411,2,3,2,3,2,23,1,24
171,10,411,3,3,2,3,2,23,1,25
172,10,411,4,3,2,3,2,23,1,26
173,10,412,1,3,2,3,1,20,1,20
174,10,412,2,4,2,3,1,20,1,21
175,10,412,3,3,2,3,1,20,1,22
176,10,412,4,7,2,3,1,20,1,23
177,10,414,1,3,4,1,1,25,4,25
178,10,414,2,3,3,1,1,25,4,26
179,10,414,3,3,4,3,1,25,4,27
180,10,414,4,2,4,3,1,25,4,28
181,11,452,1,3,1,1,2,67,3,67
182,11,452,2,2,1,2,2,67,3,68
183,11,452,3,2,1,3,2,67,3,69
184,11,452,4,2,1,2,2,67,3,70
185,11,455,1,6,3,1,2,73,3,73
186,11,455,2,7,2,1,2,73,3,74
187,11,455,3,5,3,1,2,73,3,75
188,11,455,4,5,2,1,2,73,3,76
189,11,458,1,5,2,3,2,44,3,44
190,11,458,2,3,2,3,2,44,3,45
191,11,458,3,3,2,3,2,44,3,46
192,11,458,4,3,2,3,2,44,3,47
193,11,463,1,3,2,1,1,57,3,57
194,11,463,2,4,2,2,1,57,3,58
195,11,463,3,2,2,2,1,57,3,59
196,11,463,4,3,3,2,1,57,3,60
197,11,466,1,7,1,1,1,26,3,26
198,11,466,2,7,3,1,1,26,3,27
199,11,466,3,3,1,1,1,26,3,28
200,11,466,4,6,1,1,1,26,3,29
201,11,470,1,7,2,2,1,28,4,28
202,11,470,2,7,2,1,1,28,4,29
203,11,470,3,7,2,1,1,28,4,30
204,11,470,4,6,2,1,1,28,4,31
205,11,471,1,6,1,1,1,35,3,35
206,11,471,2,6,1,1,1,35,3,36
207,11,471,3,7,1,1,1,35,3,37
208,11,471,4,7,1,1,1,35,3,38
209,12,522,1,6,2,2,2,33,4,33
210,12,522,2,3,2,3,2,33,4,34
211,12,522,3,4,2,3,2,33,4,35
212,12,522,4,7,2,3,2,33,4,36
213,12,530,1,4,5,3,2,76,3,76
214,12,530,2,2,4,3,2,76,3,77
215,12,530,3,4,4,3,2,76,3,78
216,12,530,4,4,4,3,2,76,3,79
217,12,540,1,4,5,3,1,50,2,50
218,12,540,2,3,5,2,1,50,2,51
219,12,540,3,7,2,3,1,50,2,52
220,12,540,4,7,4,3,1,50,2,53
221,13,616,1,6,2,2,1,34,4,34
222,13,616,2,7,2,2,1,34,4,35
223,13,616,3,7,2,2,1,34,4,36
224,13,616,4,7,2,2,1,34,4,37
225,13,618,1,5,3,3,2,34,1,34
226,13,618,2,7,2,3,2,34,1,35
227,13,618,3,7,1,3,2,34,1,36
228,13,618,4,7,3,3,2,34,1,37
229,13,626,1,6,1,3,1,38,2,38
230,13,626,2,3,1,3,1,38,2,39
231,13,626,3,4,1,3,1,38,2,40
232,13,626,4,6,1,3,1,38,2,41
233,13,628,1,3,2,3,2,25,2,25
234,13,628,2,2,2,3,2,25,2,26
235,13,628,3,3,2,3,2,25,2,27
236,13,628,4,3,2,3,2,25,2,28
237,14,661,1,5,2,3,1,50,2,50
238,14,661,2,4,2,3,1,50,2,51
239,14,661,3,6,2,3,1,50,2,52
240,14,661,4,5,2,3,1,50,2,53
241,14,662,1,3,2,2,1,19,1,19
242,14,662,2,2,2,2,1,19,1,20
243,14,662,3,3,2,2,1,19,1,21
244,14,662,4,1,2,3,1,19,1,22
245,14,669,1,2,3,3,2,32,3,32
246,14,669,2,1,2,2,2,32,3,33
247,14,669,3,1,3,2,2,32,3,34
248,14,669,4,1,3,3,2,32,3,35
249,14,676,1,4,3,3,2,42,2,42
250,14,676,2,2,3,3,2,42,2,43
251,14,676,3,4,2,3,2,42,2,44
252,14,676,4,4,4,3,2,42,2,45
253,14,677,1,3,1,2,1,21,4,21
254,14,677,2,3,1,2,1,21,4,22
255,14,677,3,2,1,2,1,21,4,23
256,14,677,4,3,1,2,1,21,4,24
257,14,682,1,3,1,3,1,71,2,71
258,14,682,2,3,1,3,1,71,2,72
259,14,682,3,4,1,3,1,71,2,73
260,14,682,4,7,1,3,1,71,2,74
261,14,686,1,7,1,1,1,19,4,19
262,14,686,2,7,1,1,1,19,4,20
263,14,686,3,6,1,1,1,19,4,21
264,14,686,4,6,1,1,1,19,4,22
265,14,688,1,6,3,1,1,49,4,49
266,14,688,2,7,3,1,1,49,4,50
267,14,688,3,6,3,1,1,49,4,51
268,14,688,4,7,3,1,1,49,4,52
269,14,689,1,5,1,3,2,37,4,37
270,14,689,2,5,2,3,2,37,4,38
271,14,689,3,5,2,3,2,37,4,39
272,14,689,4,4,2,3,2,37,4,40
273,15,729,1,4,2,3,2,45,2,45
274,15,729,2,4,2,3,2,45,2,46
275,15,729,3,7,2,3,2,45,2,47
276,15,729,4,4,2,3,2,45,2,48
277,15,732,1,5,5,2,1,23,4,23
278,15,732,2,4,1,2,1,23,4,24
279,15,732,3,7,1,2,1,23,4,25
280,15,732,4,5,1,2,1,23,4,26
281,15,736,1,4,2,2,1,59,4,59
282,15,736,2,3,2,3,1,59,4,60
283,15,736,3,5,2,3,1,59,4,61
284,15,736,4,4,2,3,1,59,4,62
285,15,742,1,5,5,1,2,23,4,23
286,15,742,2,3,2,1,2,23,4,24
287,15,742,3,5,2,1,2,23,4,25
288,15,742,4,3,2,1,2,23,4,26
289,16,781,1,4,1,3,1,42,4,42
290,16,781,2,3,1,3,1,42,4,43
291,16,781,3,3,1,3,1,42,4,44
292,16,781,4,3,1,3,1,42,4,45
293,16,789,1,3,3,3,1,45,4,45
294,16,789,2,3,3,3,1,45,4,46
295,16,789,3,4,2,3,1,45,4,47
296,16,789,4,5,3,3,1,45,4,48
297,17,850,1,5,1,2,1,80,2,80
298,17,850,2,4,1,3,1,80,2,81
299,17,850,3,0,1,1,1,80,2,82
300,17,850,4,7,1,1,1,80,2,83
301,17,857,1,7,5,3,1,49,4,49
302,17,857,2,7,2,3,1,49,4,50
303,17,857,3,7,2,3,1,49,4,51
304,17,857,4,7,2,3,1,49,4,52
305,17,869,1,5,1,2,2,65,2,65
306,17,869,2,7,1,2,2,65,2,66
307,17,869,3,4,1,2,2,65,2,67
308,17,869,4,6,1,2,2,65,2,68
309,18,910,1,6,2,3,2,61,2,61
310,18,910,2,4,2,3,2,61,2,62
311,18,910,3,7,2,3,2,61,2,63
312,18,910,4,7,2,3,2,61,2,64
313,18,916,1,6,2,3,1,30,4,30
314,18,916,2,7,2,3,1,30,4,31
315,18,916,3,4,2,3,1,30,4,32
316,18,916,4,6,1,3,1,30,4,33
317,18,922,1,4,2,2,2,37,3,37
318,18,922,2,3,2,3,2,37,3,38
319,18,922,3,3,2,3,2,37,3,39
320,18,922,4,3,2,3,2,37,3,40
321,18,929,1,2,2,3,1,55,1,55
322,18,929,2,3,2,3,1,55,1,56
323,18,929,3,3,2,3,1,55,1,57
324,18,929,4,3,2,3,1,55,1,58
325,19,1024,1,7,2,2,2,29,3,29
326,19,1024,2,7,2,2,2,29,3,30
327,19,1024,3,7,2,1,2,29,3,31
328,19,1024,4,7,2,1,2,29,3,32
329,19,1029,1,6,1,3,2,67,2,67
330,19,1029,2,3,1,3,2,67,2,68
331,19,1029,3,4,1,3,2,67,2,69
332,19,1029,4,7,1,3,2,67,2,70
333,19,1034,1,7,1,3,2,43,2,43
334,19,1034,2,7,1,2,2,43,2,44
335,19,1034,3,7,1,3,2,43,2,45
336,19,1034,4,7,1,3,2,43,2,46
337,19,1036,1,7,3,2,2,50,2,50
338,19,1036,2,7,2,2,2,50,2,51
339,19,1036,3,7,2,2,2,50,2,52
340,19,1036,4,7,2,2,2,50,2,53
341,19,1040,1,7,1,3,1,60,4,60
342,19,1040,2,7,1,3,1,60,4,61
343,19,1040,3,7,1,3,1,60,4,62
344,19,1040,4,7,1,3,1,60,4,63
345,19,1041,1,3,1,1,2,60,2,60
346,19,1041,2,4,1,1,2,60,2,61
347,19,1041,3,3,1,1,2,60,2,62
348,19,1041,4,3,1,1,2,60,2,63
349,19,1046,1,6,3,1,2,23,3,23
350,19,1046,2,3,3,1,2,23,3,24
351,19,1046,3,7,3,1,2,23,3,25
352,19,1046,4,6,3,3,2,23,3,26
353,19,1050,1,5,2,3,2,48,4,48
354,19,1050,2,4,3,3,2,48,4,49
355,19,1050,3,5,3,3,2,48,4,50
356,19,1050,4,4,2,3,2,48,4,51
357,20,1082,1,2,3,2,2,57,1,57
358,20,1082,2,1,3,2,2,57,1,58
359,20,1082,3,1,2,2,2,57,1,59
360,20,1082,4,2,2,2,2,57,1,60
361,20,1090,1,5,2,3,2,45,4,45
362,20,1090,2,3,2,3,2,45,4,46
363,20,1090,3,4,2,3,2,45,4,47
364,20,1090,4,3,2,3,2,45,4,48
365,20,1093,1,7,3,2,2,45,4,45
366,20,1093,2,6,4,3,2,45,4,46
367,20,1093,3,6,3,3,2,45,4,47
368,20,1093,4,7,3,3,2,45,4,48
369,20,1096,1,7,2,1,2,26,4,26
370,20,1096,2,6,2,1,2,26,4,27
371,20,1096,3,7,2,1,2,26,4,28
372,20,1096,4,7,3,1,2,26,4,29
373,20,1097,1,7,3,2,2,56,4,56
374,20,1097,2,7,3,1,2,56,4,57
375,20,1097,3,7,3,3,2,56,4,58
376,20,1097,4,7,4,3,2,56,4,59
377,20,1100,1,4,2,3,1,31,4,31
378,20,1100,2,3,2,3,1,31,4,32
379,20,1100,3,5,2,3,1,31,4,33
380,20,1100,4,4,2,3,1,31,4,34
381,20,1102,1,4,2,2,2,64,2,64
382,20,1102,2,6,2,3,2,64,2,65
383,20,1102,3,2,3,3,2,64,2,66
384,20,1102,4,5,3,2,2,64,2,67
385,20,1105,1,7,2,3,1,67,4,67
386,20,1105,2,5,2,3,1,67,4,68
387,20,1105,3,7,2,3,1,67,4,69
388,20,1105,4,7,2,3,1,67,4,70
389,20,1106,1,4,2,3,2,47,2,47
390,20,1106,2,3,2,2,2,47,2,48
391,20,1106,3,3,2,3,2,47,2,49
392,20,1106,4,3,2,3,2,47,2,50
393,21,1144,1,2,2,3,1,37,2,37
394,21,1144,2,3,2,3,1,37,2,38
395,21,1144,3,5,2,3,1,37,2,39
396,21,1144,4,7,2,3,1,37,2,40
397,21,1153,1,7,1,3,2,38,2,38
398,21,1153,2,5,1,3,2,38,2,39
399,21,1153,3,7,1,3,2,38,2,40
400,21,1153,4,7,1,3,2,38,2,41
401,21,1154,1,7,1,2,2,33,2,33
402,21,1154,2,7,1,2,2,33,2,34
403,21,1154,3,7,1,2,2,33,2,35
404,21,1154,4,7,1,1,2,33,2,36
405,22,1204,1,6,3,3,2,32,2,32
406,22,1204,2,5,3,2,2,32,2,33
407,22,1204,3,6,3,2,2,32,2,34
408,22,1204,4,6,3,3,2,32,2,35
409,22,1208,1,3,3,3,2,55,2,55
410,22,1208,2,3,3,3,2,55,2,56
411,22,1208,3,3,3,3,2,55,2,57
412,22,1208,4,7,3,3,2,55,2,58
413,22,1216,1,5,1,3,2,80,2,80
414,22,1216,2,5,1,3,2,80,2,81
415,22,1216,3,7,1,3,2,80,2,82
416,22,1216,4,7,1,1,2,80,2,83
417,22,1225,1,7,3,3,2,62,3,62
418,22,1225,2,7,3,3,2,62,3,63
419,22,1225,3,6,3,3,2,62,3,64
420,22,1225,4,6,3,3,2,62,3,65
421,22,1228,1,7,2,1,2,42,2,42
422,22,1228,2,7,2,1,2,42,2,43
423,22,1228,3,7,2,1,2,42,2,44
424,22,1228,4,7,2,1,2,42,2,45
425,23,1278,1,3,2,2,2,25,2,25
426,23,1278,2,3,2,3,2,25,2,26
427,23,1278,3,5,2,3,2,25,2,27
428,23,1278,4,6,3,3,2,25,2,28
429,24,1324,1,1,5,3,2,30,2,30
430,24,1324,2,1,2,3,2,30,2,31
431,24,1324,3,5,1,3,2,30,2,32
432,24,1324,4,3,5,3,2,30,2,33
433,24,1326,1,7,2,3,2,60,2,60
434,24,1326,2,3,2,3,2,60,2,61
435,24,1326,3,4,2,3,2,60,2,62
436,24,1326,4,5,2,3,2,60,2,63
437,24,1337,1,6,5,3,1,37,4,37
438,24,1337,2,5,2,3,1,37,4,38
439,24,1337,3,0,2,3,1,37,4,39
440,24,1337,4,5,3,3,1,37,4,40
441,24,1348,1,6,2,2,2,79,3,79
442,24,1348,2,4,2,1,2,79,3,80
443,24,1348,3,4,2,1,2,79,3,81
444,24,1348,4,5,2,2,2,79,3,82
445,25,1382,1,3,1,1,1,65,2,65
446,25,1382,2,3,1,1,1,65,2,66
447,25,1382,3,3,1,1,1,65,2,67
448,25,1382,4,3,1,1,1,65,2,68
449,25,1388,1,4,1,1,2,63,2,63
450,25,1388,2,3,1,1,2,63,2,64
451,25,1388,3,5,1,1,2,63,2,65
452,25,1388,4,6,1,1,2,63,2,66
453,25,1393,1,4,3,1,2,30,2,30
454,25,1393,2,3,3,1,2,30,2,31
455,25,1393,3,4,3,1,2,30,2,32
456,25,1393,4,6,3,1,2,30,2,33
457,25,1394,1,7,1,2,1,35,2,35
458,25,1394,2,7,1,2,1,35,2,36
459,25,1394,3,7,1,2,1,35,2,37
460,25,1394,4,7,1,2,1,35,2,38
461,26,1450,1,5,1,2,2,38,2,38
462,26,1450,2,5,1,2,2,38,2,39
463,26,1450,3,5,1,2,2,38,2,40
464,26,1450,4,7,1,2,2,38,2,41
465,26,1453,1,7,1,3,2,53,2,53
466,26,1453,2,7,1,3,2,53,2,54
467,26,1453,3,7,1,3,2,53,2,55
468,26,1453,4,7,3,3,2,53,2,56
469,26,1460,1,3,2,2,1,39,4,39
470,26,1460,2,3,2,2,1,39,4,40
471,26,1460,3,3,2,2,1,39,4,41
472,26,1460,4,3,2,3,1,39,4,42
473,26,1462,1,3,1,3,2,46,2,46
474,26,1462,2,3,3,3,2,46,2,47
475,26,1462,3,3,1,3,2,46,2,48
476,26,1462,4,2,3,3,2,46,2,49
477,27,548,1,6,2,3,1,47,3,47
478,27,548,2,3,2,3,1,47,3,48
479,27,548,3,6,2,3,1,47,3,49
480,27,548,4,7,2,3,1,47,3,50
481,28,3061,1,5,2,3,2,29,4,29
482,28,3061,2,3,3,3,2,29,4,30
483,28,3061,3,3,2,3,2,29,4,31
484,28,3061,4,3,2,3,2,29,4,32
485,28,3065,1,5,1,2,1,53,2,53
486,28,3065,2,5,1,3,1,53,2,54
487,28,3065,3,7,1,2,1,53,2,55
488,28,3065,4,7,1,2,1,53,2,56
489,28,3077,1,3,1,3,2,58,2,58
490,28,3077,2,3,1,3,2,58,2,59
491,28,3077,3,3,1,3,2,58,2,60
492,28,3077,4,3,1,3,2,58,2,61
493,28,3078,1,4,5,3,2,38,4,38
494,28,3078,2,4,4,2,2,38,4,39
495,28,3078,3,5,4,3,2,38,4,40
496,28,3078,4,7,4,3,2,38,4,41
497,28,3080,1,3,1,1,2,27,4,27
498,28,3080,2,3,1,1,2,27,4,28
499,28,3080,3,3,1,2,2,27,4,29
500,28,3080,4,3,1,2,2,27,4,30
501,28,3081,1,7,2,2,1,18,4,18
502,28,3081,2,2,2,3,1,18,4,19
503,28,3081,3,5,2,1,1,18,4,20
504,28,3081,4,4,3,2,1,18,4,21
505,28,3088,1,6,3,3,2,36,1,36
506,28,3088,2,4,3,2,2,36,1,37
507,28,3088,3,7,3,2,2,36,1,38
508,28,3088,4,6,3,3,2,36,1,39
509,28,3090,1,7,1,2,2,34,4,34
510,28,3090,2,7,1,2,2,34,4,35
511,28,3090,3,7,1,2,2,34,4,36
512,28,3090,4,7,1,2,2,34,4,37
513,29,1534,1,3,1,3,1,38,4,38
514,29,1534,2,6,2,3,1,38,4,39
515,29,1534,3,7,4,3,1,38,4,40
516,29,1534,4,7,4,2,1,38,4,41
517,29,1547,1,5,2,3,2,25,2,25
518,29,1547,2,3,2,3,2,25,2,26
519,29,1547,3,5,2,3,2,25,2,27
520,29,1547,4,5,1,3,2,25,2,28
521,29,1560,1,7,2,3,1,42,2,42
522,29,1560,2,5,2,3,1,42,2,43
523,29,1560,3,7,2,3,1,42,2,44
524,29,1560,4,7,2,3,1,42,2,45
525,30,1591,1,4,2,3,2,21,4,21
526,30,1591,2,3,2,3,2,21,4,22
527,30,1591,3,2,2,3,2,21,4,23
528,30,1591,4,2,2,3,2,21,4,24
529,30,1594,1,7,3,2,2,38,4,38
530,30,1594,2,7,3,1,2,38,4,39
531,30,1594,3,7,3,1,2,38,4,40
532,30,1594,4,7,3,1,2,38,4,41
533,30,1600,1,7,1,3,1,36,2,36
534,30,1600,2,4,1,2,1,36,2,37
535,30,1600,3,5,1,2,1,36,2,38
536,30,1600,4,5,1,2,1,36,2,39
537,30,1602,1,7,1,3,1,33,4,33
538,30,1602,2,6,1,3,1,33,4,34
539,30,1602,3,7,1,2,1,33,4,35
540,30,1602,4,7,1,3,1,33,4,36
541,30,1607,1,7,2,3,1,22,4,22
542,30,1607,2,3,2,3,1,22,4,23
543,30,1607,3,3,2,2,1,22,4,24
544,30,1607,4,6,2,3,1,22,4,25
545,30,1608,1,7,4,3,1,73,4,73
546,30,1608,2,7,2,3,1,73,4,74
547,30,1608,3,7,2,3,1,73,4,75
548,30,1608,4,7,2,3,1,73,4,76
549,30,1610,1,7,1,2,1,29,4,29
550,30,1610,2,7,1,2,1,29,4,30
551,30,1610,3,7,1,2,1,29,4,31
552,30,1610,4,7,1,2,1,29,4,32
553,31,1791,1,7,3,2,1,56,1,56
554,31,1791,2,7,3,3,1,56,1,57
555,31,1791,3,5,3,2,1,56,1,58
556,31,1791,4,7,3,2,1,56,1,59
557,32,3152,1,7,2,2,2,37,2,37
558,32,3152,2,6,2,2,2,37,2,38
559,32,3152,3,6,2,2,2,37,2,39
560,32,3152,4,6,2,3,2,37,2,40
561,32,3155,1,7,2,3,1,32,4,32
562,32,3155,2,5,2,3,1,32,4,33
563,32,3155,3,6,2,3,1,32,4,34
564,32,3155,4,6,2,3,1,32,4,35
565,32,3156,1,7,2,3,2,69,2,69
566,32,3156,2,4,2,1,2,69,2,70
567,32,3156,3,3,2,3,2,69,2,71
568,32,3156,4,7,2,3,2,69,2,72
569,32,3163,1,7,1,1,1,42,4,42
570,32,3163,2,4,1,1,1,42,4,43
571,32,3163,3,3,1,2,1,42,4,44
572,32,3163,4,4,1,2,1,42,4,45
573,32,3164,1,5,2,2,1,56,2,56
574,32,3164,2,7,2,3,1,56,2,57
575,32,3164,3,7,2,2,1,56,2,58
576,32,3164,4,7,3,2,1,56,2,59
577,32,3171,1,4,1,3,2,51,2,51
578,32,3171,2,3,1,3,2,51,2,52
579,32,3171,3,3,1,3,2,51,2,53
580,32,3171,4,5,1,3,2,51,2,54
581,32,3174,1,5,1,3,2,21,4,21
582,32,3174,2,7,2,3,2,21,4,22
583,32,3174,3,3,2,3,2,21,4,23
584,32,3174,4,6,2,3,2,21,4,24
585,32,3179,1,5,2,2,2,45,2,45
586,32,3179,2,3,2,2,2,45,2,46
587,32,3179,3,5,2,2,2,45,2,47
588,32,3179,4,3,2,1,2,45,2,48
589,32,3180,1,4,3,3,1,75,2,75
590,32,3180,2,2,3,3,1,75,2,76
591,32,3180,3,3,3,2,1,75,2,77
592,32,3180,4,7,3,3,1,75,2,78
593,33,1681,1,3,3,3,1,28,1,28
594,33,1681,2,4,3,3,1,28,1,29
595,33,1681,3,4,3,3,1,28,1,30
596,33,1681,4,4,3,3,1,28,1,31
597,33,1682,1,6,1,1,1,34,4,34
598,33,1682,2,6,3,1,1,34,4,35
599,33,1682,3,7,3,1,1,34,4,36
600,33,1682,4,7,3,1,1,34,4,37
601,33,1685,1,3,1,3,2,24,4,24
602,33,1685,2,3,1,2,2,24,4,25
603,33,1685,3,5,1,2,2,24,4,26
604,33,1685,4,3,3,3,2,24,4,27
605,33,1686,1,7,3,1,2,36,4,36
606,33,1686,2,6,3,1,2,36,4,37
607,33,1686,3,7,3,1,2,36,4,38
608,33,1686,4,6,3,1,2,36,4,39
609,33,1688,1,5,1,2,1,25,4,25
610,33,1688,2,7,1,3,1,25,4,26
611,33,1688,3,3,1,2,1,25,4,27
612,33,1688,4,7,1,2,1,25,4,28
613,33,1690,1,2,1,1,1,25,2,25
614,33,1690,2,2,1,1,1,25,2,26
615,33,1690,3,3,3,1,1,25,2,27
616,33,1690,4,2,3,2,1,25,2,28
617,33,1694,1,3,1,2,2,60,2,60
618,33,1694,2,3,1,1,2,60,2,61
619,33,1694,3,3,1,2,2,60,2,62
620,33,1694,4,3,1,1,2,60,2,63
621,33,1697,1,3,3,1,2,35,3,35
622,33,1697,2,2,3,1,2,35,3,36
623,33,1697,3,2,3,1,2,35,3,37
624,33,1697,4,1,3,1,2,35,3,38
625,34,1741,1,4,1,1,2,63,1,63
626,34,1741,2,1,1,1,2,63,1,64
627,34,1741,3,2,1,1,2,63,1,65
628,34,1741,4,1,1,3,2,63,1,66
629,34,1746,1,5,2,3,1,46,4,46
630,34,1746,2,3,2,3,1,46,4,47
631,34,1746,3,6,2,3,1,46,4,48
632,34,1746,4,5,2,3,1,46,4,49
633,34,1750,1,7,3,1,1,48,2,48
634,34,1750,2,7,3,1,1,48,2,49
635,34,1750,3,5,3,1,1,48,2,50
636,34,1750,4,4,3,1,1,48,2,51
637,34,1754,1,5,3,2,2,62,2,62
638,34,1754,2,3,3,3,2,62,2,63
639,34,1754,3,4,3,3,2,62,2,64
640,34,1754,4,4,3,3,2,62,2,65
641,35,1834,1,3,1,1,1,49,3,49
642,35,1834,2,2,1,1,1,49,3,50
643,35,1834,3,6,1,1,1,49,3,51
644,35,1834,4,6,1,1,1,49,3,52
645,35,1836,1,4,3,2,1,24,2,24
646,35,1836,2,3,2,2,1,24,2,25
647,35,1836,3,4,3,2,1,24,2,26
648,35,1836,4,5,3,2,1,24,2,27
649,35,1838,1,7,5,3,2,27,4,27
650,35,1838,2,5,3,3,2,27,4,28
651,35,1838,3,7,3,3,2,27,4,29
652,35,1838,4,7,3,3,2,27,4,30
653,35,1839,1,4,1,1,2,74,3,74
654,35,1839,2,6,1,1,2,74,3,75
655,35,1839,3,7,1,1,2,74,3,76
656,35,1839,4,3,1,1,2,74,3,77
657,35,1843,1,4,2,2,1,25,4,25
658,35,1843,2,3,2,2,1,25,4,26
659,35,1843,3,6,2,2,1,25,4,27
660,35,1843,4,4,2,2,1,25,4,28
661,35,1846,1,3,3,1,1,39,4,39
662,35,1846,2,3,3,1,1,39,4,40
663,35,1846,3,3,3,1,1,39,4,41
664,35,1846,4,3,3,1,1,39,4,42
665,35,1851,1,7,2,1,2,26,4,26
666,35,1851,2,7,2,1,2,26,4,27
667,35,1851,3,7,2,1,2,26,4,28
668,35,1851,4,7,2,1,2,26,4,29
669,35,1858,1,3,5,2,2,60,3,60
670,35,1858,2,3,2,2,2,60,3,61
671,35,1858,3,3,4,2,2,60,3,62
672,35,1858,4,3,2,2,2,60,3,63
673,36,1892,1,7,3,3,1,31,2,31
674,36,1892,2,3,1,3,1,31,2,32
675,36,1892,3,3,3,3,1,31,2,33
676,36,1892,4,7,3,2,1,31,2,34
677,36,1895,1,3,3,2,2,52,2,52
678,36,1895,2,3,3,2,2,52,2,53
679,36,1895,3,3,3,2,2,52,2,54
680,36,1895,4,4,3,2,2,52,2,55
681,36,1900,1,7,2,3,1,26,2,26
682,36,1900,2,7,5,3,1,26,2,27
683,36,1900,3,6,3,3,1,26,2,28
684,36,1900,4,7,3,3,1,26,2,29
685,36,1906,1,5,1,1,2,52,2,52
686,36,1906,2,3,1,1,2,52,2,53
687,36,1906,3,4,1,1,2,52,2,54
688,36,1906,4,4,1,1,2,52,2,55
689,36,1907,1,7,2,3,1,78,4,78
690,36,1907,2,5,2,3,1,78,4,79
691,36,1907,3,7,2,3,1,78,4,80
692,36,1907,4,6,2,2,1,78,4,81
693,36,1910,1,7,1,3,1,50,2,50
694,36,1910,2,2,1,2,1,50,2,51
695,36,1910,3,7,1,3,1,50,2,52
696,36,1910,4,6,1,2,1,50,2,53
697,36,1916,1,3,1,3,1,48,3,48
698,36,1916,2,3,1,1,1,48,3,49
699,36,1916,3,3,1,3,1,48,3,50
700,36,1916,4,3,3,3,1,48,3,51
701,37,1954,1,3,1,1,2,40,2,40
702,37,1954,2,7,1,1,2,40,2,41
703,37,1954,3,4,1,1,2,40,2,42
704,37,1954,4,5,1,1,2,40,2,43
705,37,1955,1,6,3,2,1,40,3,40
706,37,1955,2,6,5,2,1,40,3,41
707,37,1955,3,6,3,2,1,40,3,42
708,37,1955,4,6,3,2,1,40,3,43
709,37,1967,1,4,2,3,2,21,2,21
710,37,1967,2,6,2,3,2,21,2,22
711,37,1967,3,6,2,3,2,21,2,23
712,37,1967,4,5,2,2,2,21,2,24
713,37,1968,1,7,3,3,2,35,2,35
714,37,1968,2,7,3,3,2,35,2,36
715,37,1968,3,7,3,3,2,35,2,37
716,37,1968,4,7,3,2,2,35,2,38
717,37,1975,1,7,3,1,1,37,2,37
718,37,1975,2,7,3,1,1,37,2,38
719,37,1975,3,7,3,1,1,37,2,39
720,37,1975,4,7,3,1,1,37,2,40
721,37,1979,1,4,2,3,1,68,1,68
722,37,1979,2,3,2,3,1,68,1,69
723,37,1979,3,4,2,3,1,68,1,70
724,37,1979,4,3,2,3,1,68,1,71
725,38,2019,1,4,1,2,2,43,2,43
726,38,2019,2,3,1,2,2,43,2,44
727,38,2019,3,2,1,2,2,43,2,45
728,38,2019,4,6,2,2,2,43,2,46
729,38,2020,1,7,1,1,2,20,4,20
730,38,2020,2,7,1,2,2,20,4,21
731,38,2020,3,7,1,2,2,20,4,22
732,38,2020,4,7,1,2,2,20,4,23
733,38,2031,1,7,1,1,2,46,2,46
734,38,2031,2,3,1,1,2,46,2,47
735,38,2031,3,3,3,1,2,46,2,48
736,38,2031,4,6,1,1,2,46,2,49
737,38,2032,1,7,1,1,2,53,4,53
738,38,2032,2,7,1,2,2,53,4,54
739,38,2032,3,7,1,1,2,53,4,55
740,38,2032,4,7,1,1,2,53,4,56
741,39,2101,1,4,1,2,1,66,2,66
742,39,2101,2,4,1,2,1,66,2,67
743,39,2101,3,3,1,1,1,66,2,68
744,39,2101,4,6,1,2,1,66,2,69
745,39,2106,1,7,1,1,1,51,4,51
746,39,2106,2,7,1,1,1,51,4,52
747,39,2106,3,7,1,1,1,51,4,53
748,39,2106,4,7,1,1,1,51,4,54
749,39,2117,1,6,3,3,1,49,2,49
750,39,2117,2,4,3,3,1,49,2,50
751,39,2117,3,6,3,3,1,49,2,51
752,39,2117,4,6,3,2,1,49,2,52
753,39,2121,1,3,2,3,2,74,2,74
754,39,2121,2,4,2,3,2,74,2,75
755,39,2121,3,4,2,3,2,74,2,76
756,39,2121,4,3,2,3,2,74,2,77
757,39,2128,1,7,1,2,2,58,4,58
758,39,2128,2,7,1,2,2,58,4,59
759,39,2128,3,7,1,2,2,58,4,60
760,39,2128,4,7,1,3,2,58,4,61
761,40,2202,1,7,2,3,2,39,2,39
762,40,2202,2,3,2,3,2,39,2,40
763,40,2202,3,7,3,3,2,39,2,41
764,40,2202,4,7,3,3,2,39,2,42
765,40,2211,1,3,1,2,2,66,3,66
766,40,2211,2,3,1,3,2,66,3,67
767,40,2211,3,3,1,3,2,66,3,68
768,40,2211,4,6,1,3,2,66,3,69
769,40,2212,1,5,2,3,2,21,4,21
770,40,2212,2,6,2,3,2,21,4,22
771,40,2212,3,7,2,3,2,21,4,23
772,40,2212,4,6,2,3,2,21,4,24
773,40,2214,1,5,5,2,2,27,2,27
774,40,2214,2,4,4,2,2,27,2,28
775,40,2214,3,3,4,2,2,27,2,29
776,40,2214,4,6,4,3,2,27,2,30
777,40,2216,1,7,2,3,1,40,4,40
778,40,2216,2,7,2,3,1,40,4,41
779,40,2216,3,7,2,3,1,40,4,42
780,40,2216,4,5,2,3,1,40,4,43
781,40,2220,1,7,2,2,1,73,4,73
782,40,2220,2,3,2,2,1,73,4,74
783,40,2220,3,7,2,3,1,73,4,75
784,40,2220,4,7,2,2,1,73,4,76
785,41,2251,1,5,2,1,2,70,3,70
786,41,2251,2,3,2,2,2,70,3,71
787,41,2251,3,3,2,2,2,70,3,72
788,41,2251,4,3,2,1,2,70,3,73
789,41,2254,1,3,3,2,2,51,2,51
790,41,2254,2,3,3,3,2,51,2,52
791,41,2254,3,3,3,2,2,51,2,53
792,41,2254,4,4,3,3,2,51,2,54
793,41,2255,1,3,1,1,2,65,2,65
794,41,2255,2,2,1,1,2,65,2,66
795,41,2255,3,4,1,1,2,65,2,67
796,41,2255,4,3,3,1,2,65,2,68
797,41,2256,1,7,2,1,1,51,4,51
798,41,2256,2,6,2,1,1,51,4,52
799,41,2256,3,7,2,1,1,51,4,53
800,41,2256,4,7,2,1,1,51,4,54
801,41,2258,1,6,1,2,2,49,2,49
802,41,2258,2,3,1,2,2,49,2,50
803,41,2258,3,6,1,3,2,49,2,51
804,41,2258,4,6,1,3,2,49,2,52
805,41,2263,1,6,1,2,2,49,2,49
806,41,2263,2,3,1,3,2,49,2,50
807,41,2263,3,4,1,2,2,49,2,51
808,41,2263,4,5,1,1,2,49,2,52
809,41,2268,1,3,1,3,1,71,3,71
810,41,2268,2,2,1,3,1,71,3,72
811,41,2268,3,5,1,2,1,71,3,73
812,41,2268,4,6,1,3,1,71,3,74
813,41,2271,1,7,3,1,2,23,3,23
814,41,2271,2,6,3,1,2,23,3,24
815,41,2271,3,7,3,1,2,23,3,25
816,41,2271,4,6,3,1,2,23,3,26
817,42,2315,1,2,1,2,2,38,2,38
818,42,2315,2,3,1,2,2,38,2,39
819,42,2315,3,3,1,2,2,38,2,40
820,42,2315,4,3,1,2,2,38,2,41
821,42,2340,1,4,2,3,2,21,4,21
822,42,2340,2,5,1,3,2,21,4,22
823,42,2340,3,3,1,3,2,21,4,23
824,42,2340,4,2,1,3,2,21,4,24
825,43,2374,1,4,1,1,2,31,2,31
826,43,2374,2,3,1,1,2,31,2,32
827,43,2374,3,3,3,2,2,31,2,33
828,43,2374,4,3,3,3,2,31,2,34
829,43,2379,1,3,3,2,2,41,2,41
830,43,2379,2,3,3,3,2,41,2,42
831,43,2379,3,3,3,3,2,41,2,43
832,43,2379,4,3,3,3,2,41,2,44
833,43,2383,1,6,1,1,1,22,4,22
834,43,2383,2,6,1,1,1,22,4,23
835,43,2383,3,6,1,2,1,22,4,24
836,43,2383,4,7,1,1,1,22,4,25
837,43,2387,1,5,2,2,2,46,2,46
838,43,2387,2,5,2,2,2,46,2,47
839,43,2387,3,3,2,1,2,46,2,48
840,43,2387,4,5,2,1,2,46,2,49
841,44,2461,1,4,3,2,2,34,2,34
842,44,2461,2,2,3,1,2,34,2,35
843,44,2461,3,3,3,1,2,34,2,36
844,44,2461,4,5,3,1,2,34,2,37
845,44,2464,1,4,1,3,2,58,2,58
846,44,2464,2,3,1,3,2,58,2,59
847,44,2464,3,3,1,2,2,58,2,60
848,44,2464,4,3,1,2,2,58,2,61
849,44,2465,1,5,1,1,1,39,2,39
850,44,2465,2,4,1,1,1,39,2,40
851,44,2465,3,7,1,1,1,39,2,41
852,44,2465,4,7,1,1,1,39,2,42
853,44,2468,1,7,1,3,1,51,2,51
854,44,2468,2,7,1,3,1,51,2,52
855,44,2468,3,7,1,3,1,51,2,53
856,44,2468,4,7,1,3,1,51,2,54
857,44,2472,1,4,3,2,2,34,4,34
858,44,2472,2,3,3,3,2,34,4,35
859,44,2472,3,3,3,1,2,34,4,36
860,44,2472,4,3,3,1,2,34,4,37
861,44,2474,1,1,1,1,1,29,4,29
862,44,2474,2,1,1,3,1,29,4,30
863,44,2474,3,1,1,3,1,29,4,31
864,44,2474,4,1,1,2,1,29,4,32
865,44,2480,1,7,5,3,1,53,2,53
866,44,2480,2,7,5,3,1,53,2,54
867,44,2480,3,7,4,2,1,53,2,55
868,44,2480,4,7,3,3,1,53,2,56
869,44,2485,1,3,2,3,2,52,1,52
870,44,2485,2,2,2,3,2,52,1,53
871,44,2485,3,7,2,3,2,52,1,54
872,44,2485,4,3,2,3,2,52,1,55
873,44,2488,1,3,1,2,2,24,2,24
874,44,2488,2,3,1,2,2,24,2,25
875,44,2488,3,4,1,2,2,24,2,26
876,44,2488,4,4,1,2,2,24,2,27
877,44,2489,1,3,1,1,2,39,4,39
878,44,2489,2,7,1,1,2,39,4,40
879,44,2489,3,7,1,1,2,39,4,41
880,44,2489,4,6,1,1,2,39,4,42
881,45,2521,1,3,2,3,1,40,3,40
882,45,2521,2,3,2,3,1,40,3,41
883,45,2521,3,1,2,3,1,40,3,42
884,45,2521,4,4,2,3,1,40,3,43
885,45,2524,1,7,2,3,2,25,2,25
886,45,2524,2,6,2,3,2,25,2,26
887,45,2524,3,6,2,3,2,25,2,27
888,45,2524,4,7,2,3,2,25,2,28
889,45,2526,1,7,1,1,2,39,2,39
890,45,2526,2,7,1,1,2,39,2,40
891,45,2526,3,7,1,2,2,39,2,41
892,45,2526,4,7,1,2,2,39,2,42
893,45,2530,1,5,1,2,1,42,2,42
894,45,2530,2,3,1,2,1,42,2,43
895,45,2530,3,4,1,2,1,42,2,44
896,45,2530,4,5,1,1,1,42,2,45
897,45,2534,1,7,5,3,1,19,4,19
898,45,2534,2,2,4,3,1,19,4,20
899,45,2534,3,3,4,3,1,19,4,21
900,45,2534,4,7,4,3,1,19,4,22
901,45,2537,1,7,1,3,2,35,2,35
902,45,2537,2,3,1,3,2,35,2,36
903,45,2537,3,3,1,3,2,35,2,37
904,45,2537,4,3,1,3,2,35,2,38
905,45,2541,1,4,1,2,2,29,2,29
906,45,2541,2,3,1,1,2,29,2,30
907,45,2541,3,7,1,2,2,29,2,31
908,45,2541,4,5,3,2,2,29,2,32
909,45,2542,1,7,3,3,2,37,4,37
910,45,2542,2,5,3,2,2,37,4,38
911,45,2542,3,6,3,3,2,37,4,39
912,45,2542,4,6,3,1,2,37,4,40
913,46,2614,1,7,1,1,1,36,2,36
914,46,2614,2,7,1,1,1,36,2,37
915,46,2614,3,7,1,1,1,36,2,38
916,46,2614,4,7,1,1,1,36,2,39
917,46,2627,1,7,5,1,2,25,4,25
918,46,2627,2,7,4,1,2,25,4,26
919,46,2627,3,7,4,1,2,25,4,27
920,46,2627,4,7,4,1,2,25,4,28
921,46,2639,1,7,1,1,1,40,3,40
922,46,2639,2,4,1,1,1,40,3,41
923,46,2639,3,6,1,1,1,40,3,42
924,46,2639,4,6,1,1,1,40,3,43
925,46,2640,1,3,1,1,2,51,3,51
926,46,2640,2,7,3,1,2,51,3,52
927,46,2640,3,7,1,1,2,51,3,53
928,46,2640,4,7,1,1,2,51,3,54
929,47,2672,1,6,1,2,1,31,2,31
930,47,2672,2,7,1,3,1,31,2,32
931,47,2672,3,7,1,3,1,31,2,33
932,47,2672,4,3,1,3,1,31,2,34
933,47,2679,1,6,1,1,2,69,2,69
934,47,2679,2,7,1,1,2,69,2,70
935,47,2679,3,5,1,1,2,69,2,71
936,47,2679,4,6,1,1,2,69,2,72
937,47,2694,1,7,1,1,1,63,2,63
938,47,2694,2,7,1,1,1,63,2,64
939,47,2694,3,7,1,1,1,63,2,65
940,47,2694,4,7,1,1,1,63,2,66
941,47,2698,1,5,1,2,2,58,2,58
942,47,2698,2,7,1,2,2,58,2,59
943,47,2698,3,7,1,2,2,58,2,60
944,47,2698,4,6,1,2,2,58,2,61
945,47,2700,1,7,1,1,1,37,4,37
946,47,2700,2,6,1,1,1,37,4,38
947,47,2700,3,7,1,1,1,37,4,39
948,47,2700,4,7,1,1,1,37,4,40
949,48,2770,1,2,1,1,1,35,3,35
950,48,2770,2,2,1,1,1,35,3,36
951,48,2770,3,2,1,1,1,35,3,37
952,48,2770,4,2,3,1,1,35,3,38
953,48,2780,1,6,1,1,2,24,4,24
954,48,2780,2,4,1,1,2,24,4,25
955,48,2780,3,5,1,1,2,24,4,26
956,48,2780,4,5,1,1,2,24,4,27
957,49,2832,1,6,3,1,2,24,3,24
958,49,2832,2,3,3,1,2,24,3,25
959,49,2832,3,4,3,1,2,24,3,26
960,49,2832,4,4,3,1,2,24,3,27
961,49,2834,1,7,4,3,2,36,4,36
962,49,2834,2,4,3,3,2,36,4,37
963,49,2834,3,4,2,3,2,36,4,38
964,49,2834,4,6,2,3,2,36,4,39
965,49,2836,1,7,3,3,1,54,2,54
966,49,2836,2,7,3,3,1,54,2,55
967,49,2836,3,6,3,3,1,54,2,56
968,49,2836,4,6,3,3,1,54,2,57
969,49,2837,1,7,1,1,2,28,3,28
970,49,2837,2,7,1,1,2,28,3,29
971,49,2837,3,6,1,1,2,28,3,30
972,49,2837,4,7,1,1,2,28,3,31
973,49,2849,1,7,2,2,2,36,2,36
974,49,2849,2,7,2,3,2,36,2,37
975,49,2849,3,7,2,3,2,36,2,38
976,49,2849,4,7,2,3,2,36,2,39
977,50,2888,1,7,3,1,1,51,4,51
978,50,2888,2,7,3,1,1,51,4,52
979,50,2888,3,7,3,1,1,51,4,53
980,50,2888,4,7,3,1,1,51,4,54
981,50,2890,1,7,3,3,1,40,2,40
982,50,2890,2,5,3,3,1,40,2,41
983,50,2890,3,3,3,2,1,40,2,42
984,50,2890,4,6,3,3,1,40,2,43
985,50,2892,1,7,1,2,2,25,4,25
986,50,2892,2,7,1,3,2,25,4,26
987,50,2892,3,6,1,2,2,25,4,27
988,50,2892,4,7,1,2,2,25,4,28
989,50,2904,1,7,3,1,1,33,4,33
990,50,2904,2,7,3,2,1,33,4,34
991,50,2904,3,7,3,1,1,33,4,35
992,50,2904,4,7,3,2,1,33,4,36
993,50,2909,1,5,2,3,2,64,1,64
994,50,2909,2,4,2,3,2,64,1,65
995,50,2909,3,0,2,3,2,64,1,66
996,50,2909,4,6,2,3,2,64,1,67
997,51,3020,1,3,1,1,1,41,2,41
998,51,3020,2,5,1,1,1,41,2,42
999,51,3020,3,2,3,3,1,41,2,43
1000,51,3020,4,2,3,1,1,41,2,44
1001,51,3025,1,5,1,2,2,36,2,36
1002,51,3025,2,4,1,2,2,36,2,37
1003,51,3025,3,7,1,1,2,36,2,38
1004,51,3025,4,6,1,1,2,36,2,39
1005,51,3029,1,7,1,3,2,56,2,56
1006,51,3029,2,2,1,3,2,56,2,57
1007,51,3029,3,7,1,3,2,56,2,58
1008,51,3029,4,6,1,3,2,56,2,59
1009,52,3100,1,3,2,2,1,36,4,36
1010,52,3100,2,4,3,3,1,36,4,37
1011,52,3100,3,4,3,2,1,36,4,38
1012,52,3100,4,7,2,2,1,36,4,39
1013,52,3111,1,7,1,2,2,66,4,66
1014,52,3111,2,6,1,3,2,66,4,67
1015,52,3111,3,7,1,3,2,66,4,68
1016,52,3111,4,7,3,3,2,66,4,69
1017,52,3112,1,6,1,1,2,38,2,38
1018,52,3112,2,6,1,1,2,38,2,39
1019,52,3112,3,4,1,1,2,38,2,40
1020,52,3112,4,7,1,1,2,38,2,41
1021,53,3193,1,4,1,2,1,60,2,60
1022,53,3193,2,5,1,2,1,60,2,61
1023,53,3193,3,6,1,2,1,60,2,62
1024,53,3193,4,7,1,2,1,60,2,63
1025,53,3194,1,5,1,3,1,69,2,69
1026,53,3194,2,5,1,3,1,69,2,70
1027,53,3194,3,7,1,3,1,69,2,71
1028,53,3194,4,7,1,3,1,69,2,72
1029,53,3196,1,3,2,3,2,41,2,41
1030,53,3196,2,7,2,3,2,41,2,42
1031,53,3196,3,7,2,3,2,41,2,43
1032,53,3196,4,7,2,3,2,41,2,44
1033,53,3201,1,2,1,2,1,55,2,55
1034,53,3201,2,2,1,2,1,55,2,56
1035,53,3201,3,2,1,2,1,55,2,57
1036,53,3201,4,3,1,2,1,55,2,58
1037,54,3256,1,5,3,3,2,70,2,70
1038,54,3256,2,5,2,3,2,70,2,71
1039,54,3256,3,7,2,3,2,70,2,72
1040,54,3256,4,5,2,3,2,70,2,73
1041,54,3257,1,5,3,3,2,57,2,57
1042,54,3257,2,4,2,2,2,57,2,58
1043,54,3257,3,4,2,1,2,57,2,59
1044,54,3257,4,5,2,3,2,57,2,60
1045,54,3260,1,5,2,3,1,18,2,18
1046,54,3260,2,2,2,3,1,18,2,19
1047,54,3260,3,7,2,3,1,18,2,20
1048,54,3260,4,7,2,3,1,18,2,21
1049,54,3265,1,3,2,3,2,40,1,40
1050,54,3265,2,4,2,3,2,40,1,41
1051,54,3265,3,4,2,3,2,40,1,42
1052,54,3265,4,6,2,3,2,40,1,43
1053,54,3268,1,3,3,3,1,65,3,65
1054,54,3268,2,3,1,3,1,65,3,66
1055,54,3268,3,5,3,2,1,65,3,67
1056,54,3268,4,7,1,3,1,65,3,68